UPC,Description,SIZE,ASIN,Pack_QTY,Brand,Manufacturer,"Amazon
Product Title"
028901010010        ,S/S 1.5 QT BOWL                ,1.5 QT,B000MMQ62C,1,Norpro,Norpro,"Norpro 1001 , Silver Stainless Steel Bowl, 1-1/2-Quart, 1.5 Quart"
028901010027        ,S/S 3 QT BOWL                  ,3 QT,B000MMO7MI,1,Norpro,Norpro,"Norpro Stainless Steel Bowl, 3-Quart, Silver"
028901010034        ,S/S 5 QT BOWL                  ,5 QT,B000MMKPFG,1,Norpro,Norpro,"Norpro Stainless Steel Bowl, 5-Quart"
028901010041        ,S/S 8 QT BOWL                  ,8 QT,B000SSSS6M,1,Norpro,Norpro,"Norpro Stainless Steel Bowl, 8-Quart"
028901101121        ,"12"" LAMBSWOOL DUSTER           ","12""",B001CFM9OC,1,Norpro,Norpro,"Norpro Pure Lambswool Duster, 12"""
028901101244        ,"25.5"" LAMBSWOOL DUSTER         ","24""",B001CFO4FE,1,Norpro,Norpro,Norpro 24-Inch Pure Lambs Wool Duster with Wood Handle
028901010133        ,BATTER DISPENSER               ,4 Cup,B005XPES9Q,1,Norpro,Norpro,"Norpro 1013 Batter Dispenser Clear/Red, 4 cup"
028901101480        ,"48"" LAMBSWOOL DUSTER  (4PC MIN ORDER)         ","48""",B001CFPVF6,1,Norpro,Norpro,"Norpro Pure Lambswool Duster, 48"""
028901010164        ,GRIP-EZ 3QT MIXING BOWL        ,3 QT,B000ANY6UW,1,Norpro,Norpro,"Norpro Grip-EZ Mixing Bowl, 3-Quart"
028901010171        ,GRIP-EZ 4QT MIXING BOWL        ,4 QT,B000ANW76C,1,Norpro,Norpro,"Norpro 1017 Grip-EZ Mixing Bowl, 4 quart, Yellow"
028901510190        ,"SILICONE BOWL SET, 3 PC RED    ","6.5""",B001ULC9H0,1,Norpro,Norpro,"Norpro 3 Piece Silicone Bowl Set, Red, 6.5 x 6.5 x 6.2 inches, As Shown"
028901001025        ,WIRE TORTILLA FRY BASKET       ,"4.5""",B00004UE8I,1,Norpro,Norpro,Norpro Wire Tortilla Fry Basket
028901102005        ,LONG REACH GRABBER             ,"30""",B000CRBI98,1,Norpro,Norpro,Norpro Long Reach Grabber
028901010638        ,TORTILLA PRESS                 ,"2.3""",B01LW49566,1,Norpro,Norpro,Norpro 1063 Tortilla Press
028901010645        ,GARLIC BAKER/TORTILLA WARMER   ,"4.5""",B001DM71KG,1,Norpro,Norpro,Norpro Garlic Baker/Tortilla Warmer
028901010676        ,"MINI 4.5"" TORTILLA BAKERS, 4PCS","4.5""",B000MMRNOM,1,Norpro,Norpro,"Norpro Mini 4.5-Inch Tortilla Baker Bowl, Set of 4"
028901010690        ,"N/S TORTILLA BAKERS, 2 PCS     ",1,B00005EBH7,1,Norpro,Norpro,"Norpro Nonstick Tortilla Bowl Bakers/Makers, Set of 2, 1-Pack, Black"
028901010713        ,ROUND DISH BRUSH               ,"8.5""",B000SSSTOS,1,Norpro,Norpro,Norpro NOR-1071 Round Dish Brush
028901510749        ,"SILICONE DISH BRUSH, FLOWER    ","4.33""",B07VY5HDGC,1,Norpro,Norpro,Norpro Red Flower-Shaped Silicone Dish Brush Scrubber
028901010843        ,GRIP-EZ SCRUB BRUSH            ,"3""",B01M0LJVQF,2,Norpro,Norpro,Norpro Grip-EZ Scrub Brush - 3 Inch Vegetable Brush - Non-Slip Grip (2-Pack)
028901810900        ,SILICONE DISH BRUSH GREEN      ,"4.41""",B06XSTXRV7,1,Norpro,Norpro,"Norpro 1090 Silicone Bowtie Dish Brush, Green"
028901011079        ,S/S SOLID SPOON                ,"9""",B0000DI5VZ,1,Norpro,Norpro,"Norpro Stainless Steel Solid Spoon, Silver"
028901011130        ,S/S PIE SERVER                 ,"10.5""",B000E3FECW,1,Norpro,Norpro,"Norpro Stainless Steel Pie Server, One Size, Silver"
028901011321        ,S/S TURNER                     ,"13.5""",B0000VLX8C,1,Norpro,Norpro,"Norpro Stainless Steel Turner, 13.5-Inch, 13.5in/34cm, Silver"
028901011338        ,S/S SOUP LADLE                 ,"12.5""",B0000VLX8M,1,Norpro,Norpro,"Norpro, Silver Stainless Steel Soup Ladle, 12.5-Inch, 12.5in/32cm"
028901011369        ,S/S SPOON                      ,"12.5""",B000KH6PF2,1,Norpro,Norpro,"Norpro Polished Stainless Steel Spoon, 12.5-Inch, Silver"
028901011383        ,HORS D'OEUVRE UTENSILS-SET OF 4,"8""",B00UFSTE6I,1,Norpro,Norpro,"Norpro, Stainless Steel Polished 4 Piece Hors D'oeuvre Utensil Set"
028901001148        ,GRIP-EZ APPLE CORER            ,"10""",B0000VLUFI,1,Norpro,Norpro,"Norpro Grip-EZ Apple Corer, 1 EA, Black"
028901011420        ,S/S SLOTTED TURNER             ,"13.5""",B0000VLXFU,1,Norpro,Norpro,"Norpro Slotted Stainless Steel Turner, 13.5-Inch, 13.5in/34cm, Silver"
028901111496        ,GARLIC PRESS/SLICER            ,"9.6""",B07VD4KD7J,1,Norpro,Norpro,"Norpro 1149 Garlic Press/Slicer with Cleaner, Black"
028901011581        ,LARGE GARLIC BAKER             ,"5.75""",B00004UE6L,1,Norpro,Norpro,Norpro Large Garlic Baker
028901011901        ,PARING KNIFE                   ,"3.5""",B0000VYY4C,1,Norpro,Norpro,Norpro KLEVE Stainless Steel 3.5-Inch Paring Knife
028901011918        ,UTILITY KNIFE                  ,,B00126KKAG,1,Norpro,Norpro,Norpro KLEVE Stainless Steel 5-Inch Utility Knife
028901012014        ,ALL-PURPOSE KNIFE              ,,B000SSPK2C,1,Norpro,Norpro,"Norpro, White All Purpose Knife with Sheath"
028901012021        ,"5"" TOMATO/UTILITY KNIFE        ","5""",B001ULC9GQ,1,Norpro,Norpro,Norpro KLEVE Stainless Steel 5-Inch Serrated Utility Tomato Knife
028901012052        ,"7"" SANTOKU KNIFE               ","7""",B0080S1AB2,1,Norpro,Norpro,Norpro Stainless Steel 7-Inch Santoku Knife
028901012076        ,"8"" BREAD KNIFE                 ","8""",B0080SB3SM,1,Norpro,Norpro,Norpro Stainless Steel 8-Inch Bread Knife
028901012083        ,"5.5"" SANTOKU KNIFE             ","5.5""",B0080S2HHS,1,Norpro,Norpro,"Norpro Santoku Knife, 5.5 Inch"
028901012106        ,16 SLOT KNIFE BLOCK            ,,B001FB59LI,1,Norpro,Norpro,"Norpro 1210 16 Slot Knife Block, 12in/30.5cm x 8.5in/21.5cm x 4.5in/11.5cm, as shown"
028901012113        ,"5"" STEAK KNIFE, 2 PC           ","5""",B00A2T1ECC,1,Norpro,Norpro,"Norpro Stainless Steel 5-Inch Steak Knives, 2 Piece Set"
028901012205        ,"KRONA 13"" S/S SLOTTED SPOON    ","13""",B000SSSUHO,1,Norpro,Norpro,"Krona Stainless Steel Slotted Spoon 13""/33cm"
028901012236        ,"KRONA 12"" S/S LADLE            ","12""",B0000VYXJI,1,Norpro,Norpro,"Norpro Krona Stainless Steel Ladle, 12-Inch, One Size, Metallic"
028901012250        ,"KRONA 12"" S/S SLOTTED TURNER   ","12""",B0000VYXKM,1,Norpro,Norpro,"Norpro, Silver Stainless Steel Slotted Spatula, 12-Inch"
028901001230        ,GRIP-EZ HANDY FLAT GRATER      ,,B0013V70L2,1,Norpro,Norpro,"Norpro Grip-EZ Handy Flat Grater, 1 EA, Black"
028901012311        ,KRONA S/S MASHER W/GUARD       ,"12.83""",B0000W0WWO,1,Norpro,Norpro,Norpro 1231 Krona S/S Masher with Guard
028901012410        ,RAVIOLI MKR W/PRESS & ROLL PIN ,"12.5""",B015QEW6PG,1,Norpro,Norpro,"Norpro 3 Piece Ravioli Maker and Press Set with Rolling Pin, Large, White and silver"
028901012816        ,"GRAPEFRUIT SPOONS, 4 PCS       ","6.8""",B00XAU4T2M,2,Norpro,Norpro,"Norpro 1281 Grapefruit Spoons, Set of 8 (2)"
028901001292,S/S KNOCKDOWN PEPPER ROASTER,"11""",B004UAENZO,1,Norpro,Norpro,"Norpro 129 Knockdown Pepper Roaster Rack, Stainless Steel"
028901013059        ,CAN CRUSHER                    ,"13""",B00004UE6V,1,Norpro,Norpro,NORPRO 1305 Can Crusher Deluxe Can Crusher/Opener
028901001339        ,GRIP-EZ HANDY PEELER           ,"2.25""",B001FBHSMG,1,Norpro,Norpro,"Norpro 133 Grip-EZ My Favorite Handy Peeler, Black"
028901913670        ,"S/S OLIVE SPOON, 36 PC DSP     ","7""",B07BYMH1W2,1,Norpro,Norpro,"Norpro Kitchen Norpro 7"" Stainless Steel Olive Serving Spoon/Cherry Scoop with Drain Holes (1-pack), Silver"
028901001391        ,GRIP-EZ CHEESE KNIFE           ,"11""",B0000VLUJE,1,Norpro,Norpro,"Norpro Grip-EZ Cheese Knife, 11in/28cm"
028901013905        ,"BACON PRESS W/GRILL, CAST IRON ","8.75""",B072L46SJW,1,Norpro,Norpro,Norpro Pre-Seasoned Cast Iron 8.75 Inch Grill Top/Bacon Press
028901001407        ,"BATTERY SIFTER, 5 CUP BX     ",5 Cup,B01LYBIF2E,2,Norpro,Norpro,"Norpro Battery Operated Flour Sifter, 5 Cup Capacity (2-Pack)"
028901014001        ,GRILL/BACON PRESS              ,"6.75""",B00004UE7B,1,Norpro,Norpro,Norpro Cast Iron Bacon Press with Wood Handle
028901014018        ,"9"" BACON PRESS, CAST IRON      ","9""",B01FLY38QW,1,Norpro,Norpro,"Norpro 1401 9"" Round Cast Iron Grill Press"
028901001483        ,GRIP-EZ Y PEELER               ,"10""",B0000VLUKI,1,Norpro,Norpro,"Norpro, Black, Grip-EZ Y Peeler, 1 EA (148)"
028901014933        ,DIGITAL CLIP-ON COOKING TIMER  ,"9""",B01ADY36JY,1,Norpro,Norpro,"Norpro Black Digital Clip-On 99 Minute Cooking Timer, One"
028901015305        ,ALL PURPOSE SCISSORS           ,"8""",B0000W0ZDK,1,Norpro,Norpro,"Norpro 1530 Kitchen Shears, 8in/20cm, as shown"
028901000165        ,"18"" MAGNETIC KNIFE BAR         ","18""",B0014WNVHC,1,Norpro,Norpro,Norpro 18-Inch Aluminum Magnetic Knife Bar
028901016005        ,SOLID SPOON                    ,"13.5""",B000SSSWKE,1,Norpro,Norpro,"Norpro High Heat Solid Spoon, Black"
028901016036        ,SOLID TURNER                   ,"13.5""",B000SSSWL8,1,Norpro,Norpro,"Norpro Nylon High Heat Solid Turner, Black"
028901016043        ,SLOTTED TURNER                 ,"14.25""",B000SSNLP0,1,Norpro,Norpro,"Norpro High Heat Nylon Turner with Holes, Black"
028901016074        ,FORK                           ,"14""",B000SSNLPA,1,Norpro,Norpro,"Norpro High Heat Resistant Nylon Fork, Black"
028901001612        ,GRIP-EZ ICE CREAM SPADE        ,"9.5""",B0000VLULC,1,Norpro,Norpro,"Norpro Grip-EZ Ice Cream Spade, One Size, Black"
028901001629        ,POTATO RICER                   ,"3.8""",B0000VLUM6,1,Norpro,Norpro,Norpro Chrome Potato Ricer Hand Wash
028901001636        ,"S/S JAW CLIPS, 3 PCS           ","4.5""",B000SSSWMC,1,Norpro,Norpro,"Norpro Stainless Steel Jaw Clips, Set of 3, 3 Piece, Silve"
028901001667        ,"GRIP-EZ HANDY CLIPS, 3 PCS     ","3""",B0013V8SYK,1,Norpro,Norpro,"Norpro Grip-EZ Handy Clips, 3-Piece, White"
028901001704        ,GRIP-EZ CHEESE SLICER          ,"6.5""",B0000VLUMQ,1,Norpro,Norpro,"Norpro Grip-EZ Cheese Slicer, Silver, 170, 6.5in/16.5cm"
028901017002        ,GRIP-EZ SLOTTED SPOON          ,"12""",B000LNOXHC,1,Norpro,Norpro,"Norpro Grip-Ez Slotted Spoon Soft Rubber Handle, Black"
028901017101        ,GRIP-EZ WHISK                  ,"12""",B01N9OVMR0,1,Norpro,Norpro,Norpro 1710 Grip-Ez Whisk
028901917128        ,"GRIP-EZ MINI WHISKS, 24 PC DSP ","8.25""",B004FJZE76,1,Norpro,Norpro,Norpro NOR-1712D 24 Piece Dsp Grip-Ez Mini Whisks
028901017132        ,GRIP-EZ SILICONE WHISK         ,"12""",B004VMH1DW,1,Norpro,Norpro,"Norpro Grip-EZ Silicone Whisk, Multicolor"
028901917142        ,"ORIGINAL HALF SPATULA, 18PC DSP","14.72""",B00ITZ9HF2,1,Norpro,Norpro,Norpro (Blue) Original Half Spatula
028901001773        ,LARGE VEGETABLE STEAMER        ,"7.5""",B00004UE8F,1,Norpro,Norpro,"Norpro Large Vegetable Steamer with Detachable Silicone Post, Red, One Size, As Shown"
028901001896        ,"2.5"" COCKTAIL PICKS, 50 PCS    ","2.5""",B000N4AC2O,1,Norpro,Norpro,"Norpro Cocktail Party Picks, 50 Pieces"
028901018993        ,GRIP EZ MINI SLTD SPAT LOCK TNG,"8""",B083H24BBL,1,Norpro,Norpro,"Norpro 8"" Stainless Steel Mini Slotted Spatula Locking Serving Tongs"
028901019105        ,"S/S FLEXIBLE SKEWERS, SET OF 4 ","10.5""",B01GSLARLG,1,Norpro,Norpro,"Norpro Stainless Steel Flexible Skewers, Set of 4, 10.5&quot x 4&quot x .25&quot"
028901019174        ,"S/S HORS D'OEUVRES FORKS, 6 PCS","5""",B004URS1MI,1,Norpro,Norpro,"Norpro Hors D'oeuvres Forks Set of 6, Silver"
028901019426        ,S/S SALAD TONGS                ,"10.25""",B0000CFWP4,1,Norpro,Norpro,"Norpro Stainless Steel Salad Tongs, 10.25/26cm"
028901019488        ,"9"" S/S SALAD TONGS             ","9""",B0000VLXLY,1,Norpro,Norpro,"Norpro Stainless Steel Tongs, 9-Inch, 9/23cm"
028901519520        ,JUMBO TOMATO PRESS             ,"9.75""",B004M4BZJ0,1,Norpro,Norpro,"Norpro 1952 Jumbo Tomato Press, Red"
028901919580        ,"6"" MINI SILICONE TONG,24 PC DSP","6""",B003W7AEOK,1,Norpro,Norpro,Norpro Mini Silicone & Stainless Steel Tongs (Assorted Colors)
028901019594        ,"9"" S/S DELUXE LOCKING TONG     ","9""",B000U5QJ2S,1,Norpro,Norpro,Norpro Deluxe Locking Tong
028901019655        ,"GRIP-EZ 9"" S/S LOCKING TONGS   ","9""",B0000VLXN2,1,Norpro,Norpro,"Norpro 9-Inch Stainless Steel Grip-EZ Locking Tongs, 9.8 x 1.5 x 2.2, Silver"
028901019662        ,"GRIP-EZ 12"" S/S LOCKING TONGS  ","12""",B0000VLXNC,1,Norpro,Norpro,"Norpro, Silver Grip-EZ Stainless Steel Locking Tongs, 12-Inch, 30.5cm"
028901019938        ,BERRY SCREEN FOR 1991          ,"5.5""",B003V8ALT8,1,Norpro,Norpro,Norpro Berry Screen for 1991 Sauce Master II
028901000202        ,"GRIP-EZ CUTTING BD SCOOP, 9X11 ",,B002MKP24U,1,Norpro,Norpro,Cutting Board Scoop 9X11
028901120009        ,BRUSHES SET OF 6               ,"11""",B07WDLXKHW,1,Norpro,Norpro,"Norpro Cleaning Brushes, Various sizes, white"
028901120054        ,TACO RACK SET OF 2             ,,B07GLW3NJH,1,Norpro,Norpro,"Norpro Stainless Steel Taco Rack, One-size"
028901520069        ,WAVY CUTTER                  ,"9.25""",B01FZW6PT2,1,Norpro,Norpro,Norpro NOR-2006 Wavy Cutter
028901820077        ,SILICONE BOTTLE BRUSH          ,"14""",B07K8YSWHC,1,Norpro,Norpro,"Norpro Silicone Bottle Brush, One-Size, Green"
028901020170        ,"12"" SILICONE BBQ BRUSH         ","12""",B000SSQX0K,1,Norpro,Norpro,"Norpro 2017 Silicone Barbeque Brush, 12-Inch"
028901520717        ,KNOCKDOWN MICROWAVE COVER      ,"10.5""",B0135HN6KU,1,Norpro,Norpro,"Norpro, Red Knockdown Microwave Food Cover, 10.5&quot x 3.38&quot"
028901520724        ,SILICONE SPLATTER SCREEN       ,"11.5""",B07XMHSK8N,1,Norpro,Norpro,"Norpro Silicone Splatter Screen, 11.5-Inch, Red"
028901021269        ,"6"" S/S STRAINER                ","6""",B000SSNKOM,1,Norpro,Norpro,"Norpro Stainless Steel Strainer, 6-Inch"
028901021580        ,EXPANDING COLANDER WITH BASE   ,"13.5""",B00004RDE2,1,Norpro,Norpro,"Norpro Expanding Over the Sink Colander with Base Frame, 3.5in/34cm x 9in/23cm 22in/55cm, As Shown"
028901021757        ,S/S FUNNEL W/HANDLE SET OF 3   ,"6.5""",B00NVPXREM,1,Norpro,Norpro,"Norpro Stainless Steel Funnel Set with Handle, Gray"
028901021795        ,5QT S/S COLANDER               ,5 QT,B07GLVKTHR,1,Norpro,Norpro,"Norpro Stainless Steel Colander, 5-Quart"
028901521813        ,SILICONE KNOCKDOWN STRAINER  ,,B00WIV701G,1,Norpro,Norpro,Norpro Silicone Knockdown Strainer
028901521844        ,SILICONE KNOCKDOWN COLANDER    ,"9.5""",B00WIVIEVQ,1,Norpro,Norpro,"Norpro Large Silicone Knockdown Colander, 9.5&quot x 11&quot x 4.5&quot, Red"
028901002190        ,"12"" MARBLE LAZY SUSAN          ","12""",B000HJONVG,1,Norpro,Norpro,"Norpro Marble Lazy Susan, 12/30.5cm, As Shown"
028901023164        ,"KRONA 13"" S/S WHISK            ","13""",B0000VYXVG,1,Norpro,Norpro,"Norpro Stainless Steel Krona Whisk, 13-Inch, 1 EA, Silver"
028901023508        ,WHISK-AERATOR                  ,"12""",B004VMH1DM,1,Norpro,Norpro,Norpro 12-Inch Stainless Aerator Whisk
028901002497        ,S/S 1.5 QT DOUBLE BOILER       ,1.5 QT,B0001V03XC,1,Norpro,Norpro,"Norpro Stainless Steel Double Boiler 1.5-Quart, shown"
028901902537        ,"S/S MINI 2"" FUNNEL, 36 PC DSP  ","2.3""",B000SSRTEO,1,Norpro,Norpro,"Norpro Stainless Steel Mini Funne, 1 EA"
028901902612        ,"COLORED RAMEKINS, 24PC DSP     ","3.5""",B00F1KI100,1,Norpro,Norpro,Norpro 4 Oz Ramekin - Sold Individually - Red Blue Green or Yellow
028901000271        ,GRIP-EZ 10X12 CUTTING BOARD    ,"10""",B00061N064,1,Norpro,Norpro,"Norpro Grip-EZ 10x12 Cutting Board, 10in x 12in/25.5cm x 30.5cm, As Shown"
028901002749        ,S/S BROILER 17X12X2            ,"17""",B0012BNX2I,1,Norpro,Norpro,"Norpro 274 Stainless Steel Broil/Roast Pan Set, 17 inch, Silver"
028901702762        ,BRINING BAG                    ,"9.1""",B00OBM9MV6,3,Norpro,Norpro,"Norpro Heavy Duty Brining Bag, Set of 3"
028901002770        ,ROAST/LASAGNA PAN              ,"16""",B000SSWTI0,1,Norpro,Norpro,Norpro Stainless Steel 16 Inch Roast Lasagna Pan
028901002800        ,"18"" S/S FISH POACHER           ","18""",B0002IBJG4,1,Norpro,Norpro,"Norpro Stainless Steel Fish Poacher, 18in x 4.5in, As Shown"
028901002817        ,N/S ADJUSTABLE ROAST RACK      ,"7""",B0175633A0,2,Norpro,Norpro,Norpro Nonstick Adjustable Roasting Rack Heavy Duty | Adjust to 7 positions | 2-Count
076440641905        ,GLASS BUTTER DISH              ,"11.5""",B0060ALAUI,1,Anchor Hocking,Anchor Hocking,Anchor Hocking Presence Design Butter Dish with Cover
028901002909        ,STAY COOL/WARM DIP SERVER      ,1.5 Cups,B0006IW040,3,Norpro,Norpro,"Norpro 3 Piece Stoneware Stay Cool Warm Dip Server Set, 1.5c/12oz, White"
028901029890        ,"MINI SLOTTED TURNER, MARBLE    ","8.27""",B085YV9S6B,1,Norpro,Norpro,Norpro 2989 Mini Slotted Turner Marble
855252007303,Appletters 2.0 - Value Edition,"10""",B08GMCSH5X,1,BANANAGRAMS,BANANAGRAMS,Appletters: Race to Build A Word Worm in This Board Game for Kids
856739001944,Big Letter Bananagrams,"25.4""",B07284ZSPX,1,BANANAGRAMS,BANANAGRAMS,Big Letter BANANAGRAMS: Family Word Game With Easy To See And Handle Letter Tiles
094922152237,Double Bananagrams,"11""",B001THPVA2,1,BANANAGRAMS,BANANAGRAMS,Double Bananagrams Word Game - For Up To 16 Players
855252007235,Bananagrams Duel,,B07X2SXQWX,1,BANANAGRAMS,BANANAGRAMS,Bananagrams Duel: Ultimate 2 Player Travel Game | Small Space Word Race
855252007174,Furglars,,B07SBJHXRY,1,BANANAGRAMS,BANANAGRAMS,The Furglars: Burgle Your Way to Saving The Day Kids Game
094922348838,Hebrew Bananagrams,"11""",B006GQTYCC,1,BANANAGRAMS,BANANAGRAMS,Bananagrams Hebrew - Multi-Award-Winning Word and Language Game
856739001661,My First Bananagrams,"8.86""",B01G52QSU2,1,BANANAGRAMS,BANANAGRAMS,Bananagrams My First Multi-Award Winning Kids Spelling Game
856739001678,Party Edition Bananagrams,,B01G52QSDO,1,BANANAGRAMS,BANANAGRAMS,Bananagrams Party Edition
094922152220,Spanish Bananagrams,"9""",B001TKZ9LK,1,BANANAGRAMS,BANANAGRAMS,Spanish Bananagrams - Multi-Award-Winning Word and Language Game
810015130599,Planet Sweets Backpack,,B07Q6ZSFCN,1,Top Trenz Inc,Top Trenz Inc,Top Trenz School or Camp Backpacks or Daypacks (Planet Sweets)
811626028848,Plush Squash Buddies - Scented Slow-Rise Plush (INTERNET SPECIAL PRICING),,B07HRYL3BB,1,Squash Buddies,Top Trenz Inc,Squishy Scented Plush Bundle ( 1 Tie dye Unicorn Plush & 1 Tie dye Unicorn Plush Backpack Clip)
811626024642,Luv My Squash Buddies comes with DISPLAY FIXTURE - Scented Slow-Rise Plush (INTERNET SPECIAL PRICING),"6.97""",B07HRTTK6P,1,Squash Buddies,Top Trenz Inc,Squishy Scented Plush Bundle ( 1 Narwhal Plush & 1 Narwhal Plush Backpack Clip)
810015130612,Puffer Crossbody Cell Bag w/ Decorative Straps,"9""",B0934C95VW,1,Top Trenz Inc,Top Trenz Inc,Top Trenz Phone Bag Gun Metal with Good Vibes Crossbody Strap
855780000876,Adjustable Cobra Bracelets,"10""",B003RYS2H4,1,Top Trenz Inc,Top Trenz Inc,Top Trenz Bunnicorn Bunny Unicorn Girls Easter Slippers
811626027940,Sports City Duffel Bag,"11""",B07N5HCR12,1,Top Trenz Inc,Top Trenz Inc,"TOP TRENZ Sport2duff Sports Print Duffle Bag, Black"
810015139943,5 pack FILTERS for our medium one size fits most and Large size masks,,B08FVBX6XJ,5,Top Trenz Inc,Top Trenz Inc,Top Trenz Adult Large & One Size Fits Most Disposable Face Mask Filters (5-Pack)
810015139936,5 pack FILTERS for kids and one size fits most mask,,B08FV66V51,5,Top Trenz Inc,Top Trenz Inc,Top Trenz Kids Small & One Size Fits Most Disposable Face Mask Filters (5-Pack)
810015130711,IT'S FO Stretchy,,B07Q3HMGR4,1,Top Trenz Inc,Top Trenz Inc,Top Trenz Send & Seal Stationery Set Great for Home or Camp (Sport)
811626026608,'Mojicon Funk Insulated Lunch Box Purple,"9""",B07N5GDQT4,1,Top Trenz Inc,Top Trenz Inc,TOP TRENZ FUNKLB4lav 'Mojicon Funk Insulated Lunch Box Purple
855780000159,Jelly GUMMIE BEAR Slime,"4""",B00E5GO7BI,1,Rubbzy,Top Trenz Inc,Tie Dye Rubbzy Loose Rubber Bands
811626021986,Emojicon shoelaces,"17.72""",B07FW5YHHW,1,Top Trenz Inc,Top Trenz Inc,Top Trenz Inc 5 Zipper Backpacks (Dream of Unicorn)
810015131930,Shell Adjustable Necklace,"17.72""",B08BG89GHZ,1,Top Trenz Inc,Top Trenz Inc,TOP TRENZ Shell Adjustable Necklace
811626027360,'Mojination Clip-on Pencil Case,"8.5""",B073V2CZSF,1,Top Trenz Inc,Top Trenz Inc,"Top Trenz Inc Scented Pencil,Pens and School Supply Holders (Mojination)"
810015133750,OMG POP FIDGETY LAYER CAKE,"6.14""",B091P6Q3S2,1,Top Trenz Inc,Top Trenz Inc,Top Trenz Double Two Layer Face Wrap Cloth Reusable Fashion Mask Medium (Ages 8+ to Adult) (Blue Lightning)
811626027308,SPINNER SQUAD - Samurai Metallic Spinners,"4""",B077P5NPW1,1,Top Trenz Inc,Top Trenz Inc,"TOP TRENZ Spinner Squad Samurai Metallic, Random Color"
811626022297,Metallic Puffer Sling Cinch Bags w/ Decorative Straps,"18""",B08G5VLSVX,1,Top Trenz Inc,Top Trenz Inc,"Trop Trenz Gunmetal Metallic Puffer Cinch Sling Bag With Multicolored Star Adjustable Straps, 16"" x 18"""
811626026301,FUZZY SLIPPERS for ages 12 +   LLAMA,,B07M8PFHFQ,1,Top Trenz Inc,Top Trenz Inc,Top Trenz Plush Kids Slippers
811626027933,Sports Print Drawstring Sling Bag,"17""",B07N5H9Q5F,1,Top Trenz Inc,Top Trenz Inc,"TOP TRENZ Sport1-SL Sports Print Drawstring Sling Bag, Black"
811626029388,Game Controller Pillow,"17""",B07BWCNMBG,1,Top Trenz Inc,Top Trenz Inc,Top Trenz Video Game Controller Shaped Plush Pillow 17 inches
810015131909,H20 Flask DISHWASHER SAFE sticker sheets,,B082Q24K2H,1,Top Trenz Inc,Top Trenz Inc,H20 Vinyl Flask Stickers (Yikes Style)- 1 Card
810015132968,Tie Dye Spiral Canvas Tote Weekender bags,"15""",B08N8D6JM8,1,Top Trenz Inc,Top Trenz Inc,Top Trenz Weekender Canvas Tote Bag - Tie Dye - Tote Bag
811626027650,Ankle Socks Unicorn,"6.5""",B07D2YWQL1,1,Top Trenz Inc,Top Trenz Inc,Unicorn Print Kids Ankle Socks Standard
810015130728,LED watch assortment,,B07Q6LHH5P,1,Top Trenz Inc,Top Trenz Inc,Top Trenz Send & Seal Stationery Set Great for Home or Camp (Unicorn Stripe)
810015130582,XL Scented Slow-Rise Plush Squash Buddies UNICORN Plush  10 inches,,B07WWZQW44,1,Top Trenz Inc,Top Trenz Inc,Top Trenz Pillows/Slow Rise Plush (XL Scented Squash Buddy-Unicorn)
889343100222,"PUBG 14"" FOAM FRYING PAN","14""",B07MBX19XH,1,JINX,JINX,"JINX PUBG Foam Frying Pan 1:1 Scale Prop Replica, Black, 14"""
889698102612,Funko NFL: Carolina Panthers Olsen Newton Kuechly ,"9""",B01KGFMU3S,3,Funko,Funko,"Funko NFL Carolina Panthers Funko POP! Sports Greg Olsen, Cam Newton & Luke Kuechly Exclusive Vinyl Figure 3-Pack"
889698106238,FUNKO POP! DRAGONBALL Z CHOCOLATE MAJIN BUU CONVEN,,B01KGEITD4,1,Funko,Funko,Funko Pop! Animation #111 Dragon Ball Z Majin Buu Chocolate Exclusive
889698116985,POP Marvel: X-Men - Sabretooth,,B01LEJDGY2,1,Funko,Funko,Funko POP Marvel: X-Men - Sabretooth Figure
889698116992,POP Marvel: X-Men - Storm Mohawk,,B01LEJDH0U,1,Funko,Funko,Funko X-Men Storm Mohawk Pop Marvel Figure
889698117319,POP Television: Ash vs Evil  - Ruby Knowby,,B01LEJDZSO,1,Funko,Funko,Funko Ash vs Evil Ruby Knowby Pop Television Figure
841092117388,RICK AND MORTY PICK RICK IN GLASS MASON PICKLE JAR,,B0842CWMQM,1,SDCC,SDCC,SDCC Rick and Morty Pickle Rick - Pickle Jar Glass Mason Jar Exclusive
889698118255,POP STAR WARS: SW 3PK REVENGE SITH,,B06Y3W621Y,3,Funko,Funko,Set of 3 POP! Star Wars Tarfful Unhooded Emperor Utapau Clone 2017 Fall Convention Exclusive
889698132060,POP Marvel: Marvel - GwenPool Masked,,B01NCECVKU,1,Funko,Funko,Pop Marvel GwenPool Vinyl Figure
889698133975,Dorbz Naruto with Chase,"3""",B01MT8SF6V,1,Funko,Funko,Funko Dorbz Naruto (Styles May Vary) Action Figure
617885015731,SUPER MARIO COLLECTOR ENAMEL PINS,,B01MU2XU0B,1,PowerA,PowerA,PowerA Super Mario Collector Pins: Series 1 - One Randomly Selected Pin
617885016257,MARIOKART COLLECTOR ENAMEL PINS,,B073JL6MFR,1,PowerA,PowerA,PowerA Mario Kart Collector Pins - Series 2 - Not Machine Specific
670711171308,BOB'S BURGERS KUCHI KOPI MUG,"10""",B0784TX57W,1,Bob's Burgers,U.C.C. Distributing,Bob's Burgers Kuchi Kopi Mug Standard
670711171384,BOB'S BURGERS KUCHI KOPI DELUXE COOKIE JAR,"10""",B0795BCXKK,1,U.C.C. Distributing,U.C.C. Distributing,Bobs Burgers Jumbo Kuchi Kopi Cookie Jar Toy - Exclusive
670711171513,RICK AND MORTY PLUMBUS AND PICKLE RICK SALT AND PE,"6.3""",B07C9F7T76,2,U.C.C. Distributing,U.C.C. Distributing,U.C.C. Distributing Rick and Morty Pickle Rick / Plumbus Salt and Pepper Shaker Figure Set
670711171520,RICK AND MORTY PICKLE RICK MUG,"7""",B07BR9RM47,1,U.C.C. Distributing,U.C.C. Distributing,Pickle Rick Mug Standard
670711172022,BOB'S BURGERS KUCHI KOPI FAMILY 6PCS MAGNET SET,"10""",B07CFDDKY4,6,Bob's Burgers,BeeCrazee,Bob's Burgers Kuchi Kopi Family 6Pcs Magnet Set Collectible Toys
670711172039,RICK AND MORTY 7PCS MAGNET SET,"10""",B07C1BHH8X,6,RICK AND MORTY,BeeCrazee,RICK AND MORTY Rick & Morty 6Pcs Magnet Set Collectible Toys
670711172831,OVERWATCH 12PC MINI BUTTON SET ASST,"6.8""",B07H8YL6HY,12,UCC Distributing,UCC Distributing,Overwatch 12 Piece Mini Button Set - Assorted
670711174668,RICK AND MORTY 3 PCS BUTTON PIN BLIND BAG,"5.9""",B07XKMQDLD,3,UNK,UCC DISTROBUTIONS,UNK Rick and Morty 3-Pack Button Pin Blind Mystery Pack
879492002003,MY LITTLE PONY TRADING CARD PACKS.,"5.1""",B008J4UBGW,1,Hasbro,Hasbro,My Little Pony Friendship is Magic Enterplay Trading Card Fun Pack
889698201643,POP NFL: MATT RYAN  (FALCONS HOME),"3.75""",B072Z1G8FJ,1,Funko,Funko,Funko POP NFL: Matt Ryan (Falcons Home) Collectible Figure
889698202954,POP NFL: CAM NEWTON (PANTHERS WHITE),"5""",B085S838SL,1,Funko,Funko,Cam Newt o n [Panthe r s White]: Funk o Pop! Football Vinyl Figure Bundle with 1 Compatible 'ToysDiva' Graphic Protector (046 - 20295 - B)
616576205895,THE LAZY EGG MEGA SQUISHME IN DISPLAY,"8""",B07PNRXGTQ,1,Just Toys LLC,Just Toys LLC,Just Toys LLC Gudetama The Lazy Egg Mega SquishMe
616576205901,HELLO KITTY MEGA SQUISHME IN DISPLAY,"6""",B07PQX5G5G,1,Just Toys LLC,Just Toys LLC,Hello Kitty Mega SquishMe
616576206021,RICK AND MORTY SQUISHME,"4""",B092RMQ6DV,1,RICK AND MORTY,UCC Distributing,Rick and Morty - SquishMe Slow Rise Foam Figure
193052020819,5 SURPRISE TOY MINI BRANDS,"3.35""",B08M22TDBS,1,ZURU,ZURU,ZURU 5 Surprise Toy Mini Brands Series 3
889698229142,VYNL: ELF 2PK - BUDDY AND NARWHAL,"3.75""",B074PFD74G,2,Funko,Funko,"Funko Vynl: Elf - Buddy & Narwhal Collectible Vinyl Figure,Multi-colored"
761568002331,GAME OF THRONES MINI MAP MARKERS,"10.16""",B086R9KHYM,1,Dark Horse Deluxe,ThinkGeek,Dark Horse Deluxe Game of Thrones Mini Map Marker Set (ThinkGeek Exclusive)
879492002492,MY LITTLE PONY TRADING CARD COLLECTORS BOX ASSORTM,"6.2""",B00BOVQEOU,1,My Little Pony,Enterplay,My Little Pony Friendship is Magic Enterplay Pinkie Pie Collectors Box
889698265645,"Funko Pop! Power Rangers Metallic Megazord 6"" Supe","6""",B07B8XZ6SJ,1,Funko,Funko,Funko Power Rangers Metallic Megazord 6 inch Pop Vinyl Figure (AAA Anime Exclusive)
840285126916,MINECRAFT LANYARD,"6""",B006LC6UM8,1,JINX,JINX,JINX Minecraft Kid's Lanyard with Accessory Loop
672781279489,L.A. DODGERS CLAYTON KERSHAW 6'' DELUXE FIGURE,"6""",B073177XN1,1,U.C.C. Distributing,U.C.C. Distributing,U.C.C Distribution L.A. Dodgers Clayton Kershaw 6'' Deluxe Figure Collectible Toys
845218028800,MINI BRANDS 5 SURPRISE COLLECTABLE,"3.35""",B07PM6DG8W,1,	5 Surprise,ZURU,5 Surprise Mini Brands Collectable Capsule
850003292168,FGTEEV LARGE MYSTERY TV,"10""",B07PFLFDSF,1,FGTeeV,Bonkers Toys,"FGTeeV Large TV Set - Giant Blind Pack, Multicolor"
735850313559,FALLOUT 76 FIGURE HANGERS IN BLIND BAG,"4.76""",B07MD7XL88,1,Just Toys LLC,"Just Toys LLC",Fallout 76 Backpack Hangers
889698313629,FUNKO RACERS - FIVE NIGHTS AT FREDDY'S,"3.75""",B079TPLFNZ,1,Funko,Funko,"Funko Super Racers: Five Nights at Freddy's - Cupcake, Multicolor"
658382390051,D.C. SUICIDE SQUAD BUILDABLE FIGURES IN BLIND BAG,"5""",B01M0S6SL6,1,U.C.C. Distributing,U.C.C. Distributing,"UCC Distributing Inc 39005 Dc Suicide Squad Mini, Multicolor"
889698420303,Funko Pop My Hero Academia Mirio Togata Exclusive ,"6.3""",B07YDXQZFV,1,Funko,Funko,Funko Pop My Hero Academia Mirio Togata Exclusive
886144471612,THE DIVISION 2 LARGE TEDDY BEAR,"12""",B07PC449YS,1,Ubisoft,Just Play,Ubisoft The Division 2 Large Tommy The Teddy Bear
797776491018,HALO HANGERS IN BLIND BAG,"4.88""",B07X4W4K3C,3,HALO,Just Toys,HALO 5 REQ Back Pack Hangers Clip Toy Blind Bag Bundle Lot of 3 Packs
801452505644,MY LITTLE PONY PINKIE PIE VINYL FIGURE REDSOX,"10""",B07CBTMHX6,1,Hasbros,"Nixeus Technologies, Inc, us beauty",Hasbros My Little Pony Pinkie Pie Vinyl Figure Redsox Collectible Toys
801452505651,MY LITTLE PONY PINKIE PIE VINYL FIGURE CUBS,"10""",B07C1PYLY5,1,Hasbros,"Nixeus Technologies, Inc, us beauty",Hasbros My Little Pony Pinkie Pie Vinyl Figure Cubs Collectible Toys
801452505668,MY LITTLE PONY PINKIE PIE VINYL FIGURE DODGERS,"10""",B012OAIKNC,1,Hasbros,Hasbros,Hasbros My Little Pony Pinkie Pie Vinyl Figure Dodgers Collectible Toys
801452505675,MY LITTLE PONY PINKIE PIE VINYL FIGURE YANKEES,"10""",B011KAD0QE,1,Hasbros,"Nixeus Technologies, Inc, us beauty",Hasbros My Little Pony Pinkie Pie Vinyl Figure Yankees Collectible Toys
801452505682,MY LITTLE PONY PINKIE PIE VINYL FIGURE TIGERS,"10""",B07CBTLXN3,1,Hasbros,"Nixeus Technologies, Inc, us beauty",Hasbros My Little Pony Pinkie Pie Vinyl Figure Tigers Collectible Toys
801452505699,MY LITTLE PONY PINKIE PIE VINYL FIGURE CARDINALS,"10""",B07C1PX77N,1,Hasbros,"Nixeus Technologies, Inc, us beauty",Hasbros My Little Pony Pinkie Pie Vinyl Figure Cardinals Collectible Toys
853730005148,ROCKET LEAGUE PULL BACK RACERS IN BLIND BALL,3.5,B072WBZKZR,1,Rocket League,Click,Rocket League Mini Pull-Back Racer Car Mystery Ball 1-Pack
853730005353,OVER THE GARDEN WALL DOMEZ IN BLIND BAG,"3.5""",B075KN8LJL,1,U.C.C. Distributing,U.C.C. Distributing,Over the Garden Wall Domez in Blind Bag
849803057084,FUNKO POP! DRAGONBALL Z - VEGETA CONVENTION EXCLUS,"6.3""",B00V53BYMO,1,Funko,Funko,"Funko Pop Dragon Ball Z: Metallic Vegeta Collectible Figure, Multicolor"
635510605881,FALLOUT4 KEYCHAINS  IN BLIND BAG,"3.5""",B071DSMDH7,1,Fallout,EXCPE,Fallout Keychain Toy Figure
858674006169,RICK AND MORTY FOAM LASER GUN,"7.88""",B01M141YOO,1,Rick and Morty,PhatMojo,PhatMojo Rick and Morty Foam Costume Laser Gun Gray
858674006176,RICK AND MORTY MASK - RICK,"10""",B075QSZ2P7,1,RICK AND MORTY,U.C.C. Distributing,Official Rick and Morty Rick Costume Mask from Adult Swim - One Size Fits Most
858674006282,BOB'S BURGERS FIGURE HANGERS IN BLIND BAG,"3.5""",B06ZZ6FXQG,1,Bob's Burgers,EXCPE,"Phatmo Jo Bob's Burgers Collectible Figure, 1 Randomly Shipped"
799439649705,MEGAMAN HANGER FIGURES IN BLIND BAG,"2""",B01FY8376Q,1,Capcom,ust Toys Int.,Capcom Megaman Backpack Hanger - 1 Blind Bag
858674006510,RICK AND MORTY PORTAL GUN,"10""",B074ZMDJZ7,1,RICK AND MORTY,"Nixeus Technologies, Inc, us beauty",RICK AND MORTY Rick & Morty Exclusive Chrome Portal Gun Collectible Toys
858674006572,LAZY EGG FIGURE HANGERS IN BLIND BAG,"5.83""",B07914YFXH,1,C&U,UCC Distributing Inc.,C&U Gudetama Lazy Egg Figure Keychain Hangers 1 Blind Bag
796714679129,SUPER MARIO COLLECTORS RING,"2.5""",B01LWQ4943,1,SUPER MARIO,Tomy,SUPER MARIO Brothers Collector Rings Blind Bag
796714679211,BANANYA DANGLER IN FOIL BAG,"5.5""",B07M91HTCT,1,U.C.C. Distributing,U.C.C. Distributing,UCC Distributing Bananya Blind Bag Dangler Keychain - One Random
796714679297,ZELDA MASCOTS 4 SWORDS,"2.5""",B07P8TBGYT,1,U.C.C. Distributing,U.C.C. Distributing,UCC Distributing The Legend of Zelda Mystery Gacha Ball Link Mini Figure - One Random
5055964707989,HARRY POTTER FIGURE HANGERS IN BLIND BAG,"11.81""",B072ZS1MFH,1,Paladone,Paladone,Paladone PaladoneGIFPAL191 5 cm Harry Potter Buddies Backpack S1
5055964708818,ZELDA S#2 BACK PACK BUDDIES IN BLIND BAG,"7""",B079T5LRL2,1,Legend of Zelda,UCC Distributing,The Legend of Zelda Series 2 Blind Bag Backpack Buddies - Single Bag
630996710036,DISNEY CROSSY ROAD FIGURE HANGERS IN BLIND BAG,"3.94""",B075KN34PC,1,Disney,Moose,Disney Crossy Road 3 Figurine Keychain
859362007284,"HELLO NEIGHBOOR 15"" PLUSH","15""",B07K2YYNT2,1,UCC Distributing,UCC Distributing,UCC Distributing Hello Neighbor 15-Inch Plush - The Neighbor Closed Mouth
859362007406,GRAVITY FALLS DOMEZ SERIES #2 IN BLIND BAG,"3.5""",B07M5KJ82R,1,UCC Distributing,UCC Distributing,UCC Distributing Gravity Falls Series 2 Domez Blind Bag Collectible Minis - One Random
859362007512,CATS OF DISNEY DOMEZ IN BLIND BAG,"7.5""",B01AK3V8NO,1,Disney,UCC Distributing,Cats to Collect Disney in Blind Bag
856649008071,DRAGON BALL SUPER SERIES 2 IN GREEN BOX,"3""",B07NDMPV8B,1,Dragon Squama,UCC Distributing Inc.,Dragonball Super Series 2 Figure Mystery Ball
634573816487,"THE ODD 1'S OUT 17"" ULTRA SQUISHY PLUSH FACE","15.5""",B0859J7N63,1,The Odd 1s Out,The Odd 1s Out,"James Head Pillow Plushie 17”, The Odd 1s Out Merchandise"
883975094294,STREET FIGHTER VINYL FIGURE IN BLIND BOX.,"3""",B004UEO7PQ,1,Kidrobot,Kidrobot,Kidrobot Street Fighter Collectible Mini Figure (Styles Will Vary)
719318986646,DONKEY KONG PLUSH PUPPET,"10""",B07KMF18T2,1,Hashtag Collectibles,Hashtag Collectibles,Donkey Kong Puppet
719318986684,ZELDA PRINCESS PLUSH PUPPET,"10""",B07KMB9ZPG,1,Hashtag Collectibles,Hashtag Collectibles,Princess Zelda Puppet (The Legend of Zelda)
669393995906,PRINCESS PEACH PLUSH PUPPET,"10""",B07KPR1D5F,1,Hashtag Collectibles,Hashtag Collectibles,Princess Peach Puppet (Super Mario)
853541007355,RYAN'S WORLD BLIND BAG SQUISHY IN PDQ,"6""",B07HY45VWK,1,RYAN'S WORLD,Bonkers Toy Company,Ryans World Mystery Squishy Figure Series 1
875598137496,"VAMPIRINA 16"" 3-D LRG. BP W/PRINTED STRAPS RUZ","17""",B000C53AVO,1,Ampere,Ampere,Ampere 13749 Remanufactured Alternator
843340167695,LOL WRISTLET,"4.7""",B07CMGG45Q,1,L.O.L. Surprise,L.O.L. Surprise,L.O.L. Surprise! Wristlet
843340171302,"LOL GANGS ALL HERE 16"" BACKPACK W/LUNCH KIT","16""",B07G4MXFY5,1,L.O.L. Surprise,Accessory Innovations Company,"L.O.L GOO GOO 16"" Large Backpack With Ball Lunch Bag - Detachable Lunch bag"
843340188423,LOL ROYAL DIE CUT HANDBAG METALLIC PVC,"8.35""",B085LVMYN5,1,AI,MGA Entertainment,AI L.O.L Surprise Chain Shoulder Small Cross Body Bag
843340208091,"MEOWGICAL 16"" DENIM BACKPACK","17.68""",B07VCCFHBK,1,Meowgical,Meowgical,"Meowgical Girls' Traveling, Blue, One Size"
843340208114,"MEOWGICAL 16"" TACO BOW BACKPACK","17.68""",B07VFGJ71R,1,Meowgical,Meowgical,"Meowgical Traveling, Purple, One Size"
843340209128,"LOL 12"" BACKPACK W/TINTED DIE CUT FRONT POCKET","10""",B084YS228M,1,MGA Entertainment,	MGA Entertainment,"MGA Entertainment 3D Face 10"" Small L.O.L Backpack"
843340212463,"SESAME STREET 3-D 16"" BACKPACK W/PRINTED STRAPS","16""",B088KV1LHL,1, Accessory Innovations,Accessory Innovations,"Sesame Street 3-D Character Elmo Big Bird Cookie Monster 16"" Backpack W/Printed Straps"
843340212524,MARIO MAKER 2 LUNCH KIT W/LONG STRAP,"10.16""",B08BR7DMMS,1,AI,Accessory Innovations,"Super Mario Maker 2, 3D Molded Lunch Bag"
886144246111,PJ MASKS 3PK WATER SQUIRTERS FIG,"10""",B01HVA4EBC,3,PJ Masks,Just Play,"PJ Masks Water Squirters, 3 Pack"
191537026097,NIGHTMARE BEFORE CHRISTMAS 10PK PENCIL SET,"9.5""",B08LQWDVWF,1,Innovative Design,Innovative Design,The Nightmare Before Christmas 10 Piece Pencil Set
889698316057,"FUNKO HARRY POTTER 7"" HAGRID BOXED PLUSH","8""",B07JKGGJQN,1,Funko,Funko,Funko Plushies Hagrid Harry Potter 8 Inch Collectible Plush Super Cute
191537033125,JOJO 7PCS CALCULATOR SET,"7.5""",B07WHMFFXQ,1,JoJo Siwa,Innovative Designs LLC,"JoJo Siwa 7 Piece Calculator Set- Notebook, Notepad, Pencils, Eraser, Sharpener & Calculator (JoJo Siwa Unicorn)"
688955003668,LOL LOCKER JEWELRY BOX,"10.75""",B07J1JN61X,1,L.O.L. Surprise,L.O.L. Surprise,L.O.L. Surprise! Storage Locker Pink
688955003705,LOL CERAMIC BANK,"8""",B083TRLQXP,1,MGA Entertainment,FAB N.Y,"MGA Entertainment L.O.L. Surprise! Ceramic Baby Mermaid Coin Bank Teal Blush, Green"
765940406724,TROLLS PYO PLANTER,"7""",B07ZMKP1NH,1,Trolls,Horizon Group USA,"Trolls World Tour Paint Your Own Planter by Horizon Group USA. Kit Includes 1 DIY Poppy Planter. 6 Painting Colors, Gemstones & More."
191537043155,MINNIE 11PC SET,"15.5""",B08XQF5JF4,1,Innovative Designs,Innovative Designs LLC,Innovative Designs Disney Minnie Mouse 11 Piece Stationery Set
843340058634,ANGRY BIRDS LUNCH BAG,"8""",B008MN5V1K,1,Rovio,	Animations,Angry Birds Mind my Angry Beak Lunch Tote
191537094850,MINECRAFT 30PC SET,"14.2""",B08W5F1DWG,1,Innovative Designs,Innovative Designs,"Innovative Designs Mine Craft Kids Coloring Art and Sticker Set, 30 Pcs. School & Craft Supplies with Pencil Case"
191537094874,MINECRAFT BOXED ART SET,10.2,B08W5HYZJS,1,Innovative Designs,Innovative Designs,Mine Craft Kids Coloring Art Set with Stickers and Stampers
688955714984,"TROLLS FIGURAL CERAMIC 9"" BANK","9.5""",B01BUL6PE2,1, Troll, Troll,Troll Bank
888783725248,TOY STORY KNIT HAT & GLOVE SET,"13""",B07XF8GDZY,1,Concept One,Concept One,"Concept One Kids' Disney Pixar Toy Story, Navy, One Size"
888783727525,SONIC KNIT HAT & GLOVE SET,"11""",B08Q2T8JV3,1,Sonic The Hedgehog,USPA Accessories LLC,Sonic The Hedgehog Cuffed Knit Beanie Navy
688955734258,HARRY POTTER CARAMIC MONEY BOX GRINGOTTS,"9.5""",B07DKT9JL3,1,FAB Starpoint,FAB Starpoint,FAB Starpoint Harry Potter Gringotts Coin Bank for Kids
688955734319,"HP FIGURAL 8"" CERAMIC BANK ON A BASE","8""",B07DFMGB2G,1,HARRY POTTER,FAB Starpoint,HARRY POTTER Hogwarts Express Coin Bank for Kids
688955734791,HP HERMIONE LG MUG,"9.92""",B07JH2S3CZ,1,FAB Starpoint,FAB Starpoint,"FAB Starpoint Hermoine Ceramic Full Body Mug, multicolor"
190425082160,LOL 4 PK SLEEP MASK,"7.26""",B07QMNJ4LV,1,LOL Surprise,Almar Sales Company,"LOL Surprise Party Supplies, Party Favors Collection - 4 Pack Sleep Masks"
688955847125,"POKEMON 16"" LG BLUE BACKPACK","16""",B017A5XQCG,1,Pokemon,Ruz,"Pokemon Zoofy Full Size Blue 16 Backpack"
688955863705,POKEMON PIKACHU LUNCH KIT,"9.9""",B07CZMFRTQ,1,FAB Starpoint,FAB Starpoint,Pokémon Pikachu red hat insulated lunch kit
807716913682,TROLLS HAIR HEADBAND,"10""",B07F2RQ1KD,1,LUV HER,LUV HER,Kids' Trolls Headband with Wig for Girls - Costume Accessories - Poppy
889933977746,POKEMON CLIP N GO POKEBALL BELT,"9.75""",B08BQM1WDQ,1,Pokemon,Pokemon,Pokémon Clip 'N' Go Poké Ball Belt Set Standard
191537009809,JW PAPER 2 POCKET FOLDER,"12""",B07GBFDZWC,1,Jurassic World,Jurassic World,Jurassic World School Supplies Bundle of 3 Portfolio Folders
733966098339,DOCTOR WHO 2PC. 18OZ GLASS TMBLER SET,18 oz.,B074WSXL6F,1,Vandor,Vandor,"Vandor 16212 Doctor Who Police Box Contour Drinkware Glass Tumblers, 18 Ounce, 2 Piece Set"
191681008901,SW DARTH VADER 18OZ TRITAN BOTTLE W/WIRELESS SPEAKER,"10.04""",B07QHD8BQ5,1,Disney,Disney,Disney Star Wars Darth Vader 18 oz. Tritan Water Bottle with Wireless Speaker
689076515924,Feng Shui Luck Charms(Happiness),"1.39""",B000K0OQ82,1,Zorbitz Inc.,Zorbitz Inc.,"ZORBITZ Feng Shui Luck Charms Happiness, 1 EA"
689076516822,Feng Shui Luck Charms(New Beginnings),"1.39""",B00290KMZM,1,Zorbitz Inc.,Zorbitz Inc.,"ZORBITZ Feng Shui Luck Charms Beginnings, 1 EA"
689076010382,Pink United (LLH)Bracelet Generic UPC,"2.2""",B002OKRHBE,1,Art of Luck,Zorbitz Inc.,Art of Luck Aventurine Great Wealth Good Luck Bracelet
689076576437,Feng Shui Luck Charms(Protection),"1.39""",B000K0PMTE,1,Zorbitz Inc.,Zorbitz Inc.,"ZORBITZ Feng Shui Luck Charms Protection, 1 EA"
811200013918,Magnetic Bracelets(Agate),"5""",B009V154B4,1,Zorbitz Inc.,Zorbitz Inc.,"Zorbitz Lucky Magnetic Bracelet, Agate"
811200013925,Magnetic Bracelets(Turquoise Magnesite),"5""",B009V154ZK,1,Zorbitz Inc.,Zorbitz Inc.,"Zorbitz Lucky Magnetic Bracelet, Blue Sodalite"
811200013932,Magnetic Bracelets(Amethyst),"5""",B009V155KO,1,Zorbitz Inc.,Zorbitz Inc.,"Zorbitz Lucky Magnetic Bracelet, Amethyst"
811200013949,Magnetic Bracelets(Onyx),"5""",B009V155ZE,1,Zorbitz Inc.,Zorbitz Inc.,"Zorbitz Lucky Magnetic Bracelet, Onyx"
811200013956,Magnetic Bracelets(Tiger's Eye),"5""",B009V156J4,1,Zorbitz Inc.,Zorbitz Inc.,"Zorbitz Lucky Magnetic Bracelet, Tiger's Eye"
811200014106,Art of Luck Generic UPC,"3.1""",B002OKHH4Q,1,Zorbitz Inc.,Zorbitz Inc.,"Zorbitz, Bracelet Art of Luck Assorted"
811200014618,Mega Twiddle- Multi Purple,"50""",B002SLPKCW,1,Twiddle,Zorbitz Inc.,"Twiddle Mega Twiddle, Multi Purple"
811200014625,Mega Twiddle- Glow,"50""",B002SLUGQC,1,Twiddle,Zorbitz Inc.,"Twiddle Mega, Glow"
811200014632,Mega Twiddle - Purple,"51""",B002SLWDHC,1,Twiddle,Zorbitz Inc.,"Twiddle Mega, Purple"
811200014649,Mega Twiddle- Blue,"52""",B002SLLTIQ,1,Twiddle,Zorbitz Inc.,"Twiddle Mega, Blue"
811200014656,Mega Twiddle- Multi Blue,"53""",B002SLGZBM,1,Twiddle,Zorbitz Inc.,"Twiddle Mega Twiddle, Multi Blue"
811200014724,Twiddle-Green,"25""",B002SLJ046,1,Twiddle,Twiddle,"Twiddle Fiddle Toy, Green"
811200014748,Twiddle-Blue,"25""",B00DQYDX7O,1,Twiddle,Zorbitz Inc.,"Twiddle Fiddle Toy, Blue"
811200014809,Twiddle- Multi Color,"2.25""",B01CVUH4J6,1,Twiddle,Zorbitz Inc.,"Twiddle Fidget Toy in Multiple Colors, Over 2' of Fun Novelty, Blue, Green and Purple"
811200014816,B Crystal -CLEAR 30MM,"5""",B008EADL22,1,Zorbitz Inc.,Zorbitz Inc.,Zorbitz Inc. Clear
811200016421,STRINGLETS-LOVE (Heart Charm),"2.25""",B00E9R8HE6,1,Zorbitz Inc.,Zorbitz Inc.,"Zorbitz Stringlet, Love"
811200016469,STRINGLETS-HEALTH (Angel Wing Charm),"2.25""",B00FNJ0N7I,1,Zorbitz Inc.,	Zorbitz,"Zorbitz Stringlet, Health"
811200016490,STRINGLETS-MIRACLES (Agate Gemstones),"2.25""",B00FNJ0N5U,1,Zorbitz Inc.,	Zorbitz,"Zorbitz Stringlet, Miracles"
811785020523,"Twiddle Extreme - Multi( Blue, Green)","30""",B01F9JKA7Y,1,Twiddle,Zorbitz Inc.,"Twiddle Extreme Crunch Safe Toy, Green"
811785020547,Twiddle Extreme -Blue,"30""",B01F9IZKQQ,1,Twiddle,Zorbitz Inc.,"Twiddle Extreme Crunch Safe Toy, Blue"
811785020561,"Twiddle Extreme- Multi-( Blue, Green, Purple)","30""",B01FY66OYK,1,Twiddle,Zorbitz Inc.,"Twiddle Extreme Crunch Safe Toy, Blue/Green/Purple"
811785020578,Twiddle Extreme - Glow in the Dark,"30""",B01F9JDWUG,1,Twiddle,Zorbitz Inc,Twiddle Glow in The Dark Extreme Crunch Safe Toy
811785020615,Mega Magnetics,"5.08""",B07CT61RNG,4,Zorbitz Inc,Zorbitz Inc,Zorbitz 2061 Fidget Magnets - 4 Piece
811785022442,Rock n' Pop Fidget,"6.7""",B0914V2917,3,Poppit,Zorbitz Inc.,"3 Pack Rock n Pop Bubble Pop Fidget Sensory Toys, Special Pop Sensory Toys Stress Relief Squeeze Push Bubble Educational Toys for Kids Adults Kids and Adult ( Round-Clover-Water Drop)"
811785022787,Aqua-mals,"9.25""",B07NDHK4T3,1,Zorbitz Inc.,Zorbitz Inc.,"Zorbitz Aqua-Mals, Assorted"
811785023722,Clear Creations Glam Bag Pink/Gold,"7.75""",B076PX47WH,1,Zorbitz Inc.,Zorbitz Inc.,"ZORBITZ Women's the Glam Stadium Bag Pink, Clear"
811785023760,Clear Creations Cellphone Purse Black/Gold,"6.5""",B077SYJRXB,1,Zorbitz Inc.,Zorbitz Inc.,"ZORBITZ Women's The Cellphone Stadium Approved Purse, Black, Clear"
811785024620,Pop Charger- iPhone,"2""",B078HP6C68,1,Pop Charger,"	Zorbitz, Inc.","Pop Charger, Emergency Charger, for iPhone"
811785024637,Pop Charger- Android,"2""",B078HHB6F2,1,Pop Charger,"Zorbitz, Inc.","Pop Charger, Emergency Charger, for Android"
811785026983,CBD Putty( 1 oz),"2.1""",B07X755VV1,1,"Zorbitz, Inc.","Zorbitz, Inc.",Zorbitz Inc. CBD Putty- Primo Therapeutic Putty- Assorted Colors | One per Package
811785027300,Blockerz Mandala,"0.75""",B07NFXL55P,1,"Zorbitz, Inc.","Zorbitz, Inc.",Zorbitz Blockerz Mandala
811785027386,Blockerz Sparkle,"0.75""",B07NFXMDR6,1,"Zorbitz, Inc.","Zorbitz, Inc.",Zorbitz Inc. Blockerz Sparkle
811785027416,Blockerz Elite,"0.75""",B07NFVY4XS,1,"Zorbitz, Inc.","Zorbitz, Inc.",Zorbitz Inc. Blockerz Elite
811785028314,Twiddle Cube Black,"1.5""",B07NJRBGLZ,1,Twiddle,"Zorbitz, Inc.",Twiddle Cube Black
811785029229,Fidget Putty Classic ( 3 pk),1.5 oz,B0753SKSW2,1,"Zorbitz, Inc.","Zorbitz, Inc.","Zorbitz Classic Fidget Putty, Multi, 1.5 oz"
811785029274,Aromatherapy Putty Mint,"2""",B075SV2TGK,1,"Zorbitz, Inc.","Zorbitz, Inc.","Zorbitz Mint Aromatherapy Putty, Multi, 1 Oz"
811785029298,Aromatherapy Putty Lemon,1 Oz,B075SV6RLF,1,"Zorbitz, Inc.","Zorbitz, Inc.","Zorbitz Aromatherapy Puttty Putty, Multi, 1 Oz"
811785029861,#GoodVibes Stickers,"3""",B083XVD1G4,1,"Zorbitz, Inc.","Zorbitz, Inc.",Zorbitz Inc. #GoodVibes Stickers Sweet Vibes
689076515825,Karmalogy(Hematite),"3.94""",B000JWGO54,1,"Zorbitz, Inc.","Zorbitz, Inc.","ZORBITZ Hematite and Wood Bracelet, 1 EA"
689076517027,Karmalogy (Agate),"4.72""",B000JWCIXG,1,"Zorbitz, Inc.","Zorbitz, Inc.",Lucky Karma Bead Bracelet - Agate
689076982320,Karmalogy (Rose Quartz),"3.94""",B000JWCIWW,1,"Zorbitz, Inc.","Zorbitz, Inc.","Zorbitz Lucky Karma Bracelet, Rose Quartz for Love and Friendship, Women's Genuine Gemstone Stretch Bracelet"
689076516228,Feng Shui Luck Charms(Empowering Life),"1.39""",B000JWEN2A,1,"Zorbitz, Inc.","Zorbitz, Inc.","ZORBITZ Feng Shui Luck Charms Empowering Life, 1 EA"
689076516723,Feng Shui Luck Charms (Energizing Crystal),"1.39""",B000VV404K,1,"Zorbitz, Inc.","Zorbitz, Inc.","ZORBITZ Feng Shui Luck Charms Energizing, 1 EA"
689076012188,Pink United (LLH)Bracelet(Miracles),"2.44""",B001A6X1EU,1,"Zorbitz, Inc.","Zorbitz, Inc.","ZORBITZ Rose Quartz Miracles Bracelet, 1 EA"
689076516327,Feng Shui Luck Charms(Love),"1.39""",B000K0TNBC,1,"Zorbitz, Inc.","Zorbitz, Inc.","ZORBITZ Feng Shui Luck Charms Love, 1 EA"
811200014144,Art of Luck (TigersEye),"3.35""",B0027L8RS2,1,"Zorbitz, Inc.","Zorbitz, Inc.","ZORBITZ Tigers Eye Horseshoe Bracelet, 1 EA"
811200014175,Art of Luck(Aventurine),"3.35""",B0027L8RSW,1,"Zorbitz, Inc.","Zorbitz, Inc.",Art of Luck Bracelets Wealth Luck Aventurine Lucky
689076516426,Feng Shui Luck Charms(Prosperity),"1.39""",B00290QC9M,1,"Zorbitz, Inc.","Zorbitz, Inc.","ZORBITZ Feng Shui Luck Charms Prosperity, 1 EA"
689076516525,Feng Shui Luck Charms(Good Health),"1.39""",B000VUZ4H8,1,"Zorbitz, Inc.","Zorbitz, Inc.","ZORBITZ Feng Shui Luck Charms Good Health, 1 EA"
689076516624,Feng Shui Luck Charms(Peaceful Life),"1.39""",B000K0RQSE,1,"Zorbitz, Inc.","Zorbitz, Inc.","Zorbitz Inc. Feng Shui Luck Charms Peaceful Life, 0.65 x 2.0299999999999998 x 3.53 cm, Multicoloured"
811200016841,Karma Kids (Love/RoseQuartz),"3.15""",B002R8BZ02,1,"Zorbitz, Inc.","Zorbitz, Inc.","ZORBITZ Rose Quartz, 1 EA"